penalty,score,MR_Z_BUY,MR_Z_SELL,final_pnl,pnl_spread,day_0_pnl,day_1_pnl,day_2_pnl
0.0,-inf,,,,,,,
0.0,-inf,,,,,,,
0.0,-inf,,,,,,,
0.0,-inf,,,,,,,
0.0,-inf,,,,,,,
0.0,-inf,,,,,,,
0.0,-inf,,,,,,,
0.0,-inf,,,,,,,
0.0,-inf,,,,,,,
0.0,-inf,,,,,,,
0.0,-inf,,,,,,,
0.0,6533.0,6.5,7.25,6533.0,3261.0,104.0,3365.0,3064.0
0.0,25357.0,1.75,4.0,25357.0,10734.0,3482.0,14216.0,7659.0
0.0,20715.0,2.75,5.25,20715.0,13109.0,1239.0,14348.0,5128.0
0.0,25687.0,2.75,3.5,25687.0,10195.0,5099.0,15294.0,5294.0
0.0,19426.0,2.5,6.75,19426.0,13636.0,-342.0,13294.0,6474.0
0.0,29035.0,1.75,3.0,29035.0,9405.0,5703.0,15108.0,8224.0
0.0,-inf,,,,,,,
0.0,24738.0,2.25,4.0,24738.0,10521.0,3701.0,14222.0,6815.0
0.0,20663.0,3.0,4.25,20663.0,12440.0,2018.0,14458.0,4187.0
0.0,19341.0,1.25,7.5,19341.0,13872.0,-1296.0,12576.0,8061.0
0.0,17678.0,4.25,5.25,17678.0,10754.0,1530.0,12284.0,3864.0
0.0,29257.0,1.5,2.75,29257.0,9097.0,5867.0,14964.0,8426.0
0.0,13082.0,4.75,6.5,13082.0,9520.0,29.0,9549.0,3504.0
0.0,6499.0,6.75,7.25,6499.0,3295.0,70.0,3365.0,3064.0
0.0,29035.0,1.75,3.0,29035.0,9405.0,5703.0,15108.0,8224.0
0.0,29006.0,2.5,2.75,29006.0,8722.0,6591.0,15313.0,7102.0
0.0,8839.0,6.0,6.0,8839.0,5527.0,104.0,5631.0,3104.0
0.0,10908.0,5.25,7.75,10908.0,7526.0,159.0,7685.0,3064.0
0.0,15113.0,4.25,7.25,15113.0,11231.0,29.0,11260.0,3824.0
0.0,30519.0,1.5,2.25,30519.0,8603.0,6755.0,15358.0,8406.0
0.0,8496.0,6.0,7.5,8496.0,5224.0,104.0,5328.0,3064.0
0.0,23242.0,1.75,4.25,23242.0,12237.0,1661.0,13898.0,7683.0
0.0,18967.0,2.25,7.75,18967.0,12975.0,-381.0,12594.0,6754.0
0.0,21012.0,3.25,4.25,21012.0,12441.0,2249.0,14690.0,4073.0
0.0,17283.0,3.75,7.75,17283.0,13409.0,-57.0,13352.0,3988.0
0.0,18704.0,1.0,7.75,18704.0,14345.0,-1901.0,12444.0,8161.0
0.0,25592.0,1.0,3.75,25592.0,11658.0,2844.0,14502.0,8246.0
0.0,27343.0,1.75,3.5,27343.0,10017.0,4761.0,14778.0,7804.0
0.0,26966.0,1.25,3.5,26966.0,10569.0,4065.0,14634.0,8267.0
0.0,27590.0,1.0,3.25,27590.0,10817.0,4102.0,14919.0,8569.0
0.0,27590.0,1.0,3.25,27590.0,10817.0,4102.0,14919.0,8569.0
0.0,27590.0,1.0,3.25,27590.0,10817.0,4102.0,14919.0,8569.0
0.0,26966.0,1.25,3.5,26966.0,10569.0,4065.0,14634.0,8267.0
0.0,26461.0,1.0,3.5,26461.0,11174.0,3460.0,14634.0,8367.0
0.0,30810.0,1.75,2.25,30810.0,8142.0,7221.0,15363.0,8226.0
0.0,28095.0,1.25,3.25,28095.0,10212.0,4707.0,14919.0,8469.0
0.0,28095.0,1.25,3.25,28095.0,10212.0,4707.0,14919.0,8469.0
0.0,29756.0,1.25,2.5,29756.0,9059.0,5983.0,15042.0,8731.0
0.0,31226.0,1.25,2.0,31226.0,8609.0,7010.0,15619.0,8597.0
0.0,-inf,,,,,,,
0.0,30721.0,1.0,2.0,30721.0,9214.0,6405.0,15619.0,8697.0
0.0,30721.0,1.0,2.0,30721.0,9214.0,6405.0,15619.0,8697.0
0.0,30533.0,1.25,2.25,30533.0,8794.0,6525.0,15319.0,8689.0
0.0,30721.0,1.0,2.0,30721.0,9214.0,6405.0,15619.0,8697.0
0.0,30721.0,1.0,2.0,30721.0,9214.0,6405.0,15619.0,8697.0
0.0,31226.0,1.25,2.0,31226.0,8609.0,7010.0,15619.0,8597.0
0.0,30721.0,1.0,2.0,30721.0,9214.0,6405.0,15619.0,8697.0
0.0,30028.0,1.0,2.25,30028.0,9399.0,5920.0,15319.0,8789.0
0.0,30028.0,1.0,2.25,30028.0,9399.0,5920.0,15319.0,8789.0
0.0,31198.0,1.5,2.0,31198.0,8404.0,7240.0,15644.0,8314.0
0.0,30519.0,1.5,2.25,30519.0,8603.0,6755.0,15358.0,8406.0
0.0,31198.0,1.5,2.0,31198.0,8404.0,7240.0,15644.0,8314.0
0.0,31198.0,1.5,2.0,31198.0,8404.0,7240.0,15644.0,8314.0
0.0,29769.0,1.5,2.5,29769.0,8895.0,6213.0,15108.0,8448.0
0.0,29769.0,1.5,2.5,29769.0,8895.0,6213.0,15108.0,8448.0
0.0,31534.0,1.75,2.0,31534.0,7988.0,7706.0,15694.0,8134.0
0.0,31198.0,1.5,2.0,31198.0,8404.0,7240.0,15644.0,8314.0
0.0,31198.0,1.5,2.0,31198.0,8404.0,7240.0,15644.0,8314.0
0.0,31534.0,1.75,2.0,31534.0,7988.0,7706.0,15694.0,8134.0
0.0,31198.0,1.5,2.0,31198.0,8404.0,7240.0,15644.0,8314.0
0.0,30835.0,2.0,2.25,30835.0,8077.0,7371.0,15448.0,8016.0
0.0,29769.0,1.5,2.5,29769.0,8895.0,6213.0,15108.0,8448.0
0.0,30519.0,1.5,2.25,30519.0,8603.0,6755.0,15358.0,8406.0
0.0,30519.0,1.5,2.25,30519.0,8603.0,6755.0,15358.0,8406.0
0.0,30835.0,2.0,2.25,30835.0,8077.0,7371.0,15448.0,8016.0
0.0,30835.0,2.0,2.25,30835.0,8077.0,7371.0,15448.0,8016.0
0.0,30835.0,2.0,2.25,30835.0,8077.0,7371.0,15448.0,8016.0
0.0,30519.0,1.5,2.25,30519.0,8603.0,6755.0,15358.0,8406.0
0.0,29571.0,2.0,2.75,29571.0,8569.0,6483.0,15052.0,8036.0
0.5,-inf,,,,,,,
0.5,-inf,,,,,,,
0.5,-inf,,,,,,,
0.5,-inf,,,,,,,
0.5,-inf,,,,,,,
0.5,-inf,,,,,,,
0.5,-inf,,,,,,,
0.5,-inf,,,,,,,
0.5,-inf,,,,,,,
0.5,-inf,,,,,,,
0.5,4979.0,6.75,6.75,6734.0,3510.0,70.0,3580.0,3084.0
0.5,16002.0,2.25,4.5,22188.0,12372.0,1490.0,13862.0,6836.0
0.5,12479.5,2.25,8.0,18967.0,12975.0,-381.0,12594.0,6754.0
0.5,10907.5,4.25,5.75,16693.0,11571.0,629.0,12200.0,3864.0
0.5,12777.0,3.5,5.5,19670.0,13786.0,928.0,14714.0,4028.0
0.5,12596.5,1.25,6.0,19684.0,14175.0,-1296.0,12879.0,8101.0
0.5,5030.0,6.5,7.0,6768.0,3476.0,104.0,3580.0,3084.0
0.5,4858.5,6.5,7.5,6445.0,3173.0,104.0,3277.0,3064.0
0.5,12301.0,4.25,5.25,17678.0,10754.0,1530.0,12284.0,3864.0
0.5,13492.0,3.75,5.0,20068.0,13152.0,1444.0,14596.0,4028.0
0.5,10526.0,5.0,5.0,14544.0,8036.0,1630.0,9666.0,3248.0
0.5,13249.5,2.0,6.75,19991.0,13483.0,-450.0,13033.0,7408.0
0.5,12953.0,4.0,4.75,18836.0,11766.0,1500.0,13266.0,4070.0
0.5,20010.0,2.0,4.0,25307.0,10594.0,3632.0,14226.0,7449.0
0.5,14199.5,2.75,4.75,20751.0,13103.0,1239.0,14342.0,5170.0
0.5,19368.5,2.5,4.0,24742.0,10747.0,3740.0,14487.0,6515.0
0.5,17143.5,2.0,4.25,23192.0,12097.0,1811.0,13908.0,7473.0
0.5,16534.5,2.0,4.5,22757.0,12445.0,1421.0,13866.0,7470.0
0.5,16002.0,2.25,4.5,22188.0,12372.0,1490.0,13862.0,6836.0
0.5,19477.5,2.25,4.0,24738.0,10521.0,3701.0,14222.0,6815.0
0.5,19477.5,2.25,4.0,24738.0,10521.0,3701.0,14222.0,6815.0
0.5,21223.5,1.75,3.75,26474.0,10501.0,4145.0,14646.0,7683.0
0.5,19477.5,2.25,4.0,24738.0,10521.0,3701.0,14222.0,6815.0
0.5,11313.0,2.75,7.5,18062.0,13498.0,-262.0,13236.0,5088.0
0.5,19477.5,2.25,4.0,24738.0,10521.0,3701.0,14222.0,6815.0
0.5,17143.5,2.0,4.25,23192.0,12097.0,1811.0,13908.0,7473.0
0.5,17143.5,2.0,4.25,23192.0,12097.0,1811.0,13908.0,7473.0
0.5,14791.5,3.25,4.25,21012.0,12441.0,2249.0,14690.0,4073.0
0.5,14791.5,3.25,4.25,21012.0,12441.0,2249.0,14690.0,4073.0
0.5,14791.5,3.25,4.25,21012.0,12441.0,2249.0,14690.0,4073.0
0.5,14791.5,3.25,4.25,21012.0,12441.0,2249.0,14690.0,4073.0
0.5,14791.5,3.25,4.25,21012.0,12441.0,2249.0,14690.0,4073.0
0.5,17309.5,3.0,4.0,22778.0,10937.0,3839.0,14776.0,4163.0
0.5,14791.5,3.25,4.25,21012.0,12441.0,2249.0,14690.0,4073.0
0.5,15378.5,2.75,4.25,21586.0,12415.0,1999.0,14414.0,5173.0
0.5,19478.5,2.75,3.75,24818.0,10679.0,4483.0,15162.0,5173.0
0.5,18385.5,3.0,3.75,23895.0,11019.0,4502.0,15206.0,4187.0
0.5,19249.0,3.0,3.5,24764.0,11030.0,5118.0,15338.0,4308.0
0.5,20570.5,1.25,3.75,26097.0,11053.0,3449.0,14502.0,8146.0
0.5,20874.0,1.0,3.5,26461.0,11174.0,3460.0,14634.0,8367.0
0.5,22989.0,1.25,3.25,28095.0,10212.0,4707.0,14919.0,8469.0
0.5,19763.0,1.0,3.75,25592.0,11658.0,2844.0,14502.0,8246.0
0.5,21681.5,1.25,3.5,26966.0,10569.0,4065.0,14634.0,8267.0
0.5,20874.0,1.0,3.5,26461.0,11174.0,3460.0,14634.0,8367.0
0.5,22181.5,1.0,3.25,27590.0,10817.0,4102.0,14919.0,8569.0
0.5,19249.0,3.0,3.5,24764.0,11030.0,5118.0,15338.0,4308.0
0.5,20874.0,1.0,3.5,26461.0,11174.0,3460.0,14634.0,8367.0
0.5,21681.5,1.25,3.5,26966.0,10569.0,4065.0,14634.0,8267.0
0.5,22181.5,1.0,3.25,27590.0,10817.0,4102.0,14919.0,8569.0
0.5,20874.0,1.0,3.5,26461.0,11174.0,3460.0,14634.0,8367.0
0.5,20874.0,1.0,3.5,26461.0,11174.0,3460.0,14634.0,8367.0
0.5,20874.0,1.0,3.5,26461.0,11174.0,3460.0,14634.0,8367.0
0.5,22181.5,1.0,3.25,27590.0,10817.0,4102.0,14919.0,8569.0
0.5,21681.5,1.25,3.5,26966.0,10569.0,4065.0,14634.0,8267.0
0.5,21681.5,1.25,3.5,26966.0,10569.0,4065.0,14634.0,8267.0
0.5,21681.5,1.25,3.5,26966.0,10569.0,4065.0,14634.0,8267.0
0.5,20874.0,1.0,3.5,26461.0,11174.0,3460.0,14634.0,8367.0
0.5,21681.5,1.25,3.5,26966.0,10569.0,4065.0,14634.0,8267.0
0.5,20874.0,1.0,3.5,26461.0,11174.0,3460.0,14634.0,8367.0
0.5,22872.0,1.0,3.0,28153.0,10562.0,4402.0,14964.0,8787.0
0.5,24613.5,1.25,2.75,29244.0,9261.0,5637.0,14898.0,8709.0
0.5,23679.5,1.25,3.0,28658.0,9957.0,5007.0,14964.0,8687.0
0.5,22181.5,1.0,3.25,27590.0,10817.0,4102.0,14919.0,8569.0
0.5,23774.5,1.5,3.0,28671.0,9793.0,5237.0,15030.0,8404.0
0.5,22181.5,1.0,3.25,27590.0,10817.0,4102.0,14919.0,8569.0
0.5,23774.5,1.5,3.0,28671.0,9793.0,5237.0,15030.0,8404.0
0.5,23774.5,1.5,3.0,28671.0,9793.0,5237.0,15030.0,8404.0
0.5,23084.0,1.5,3.25,28108.0,10048.0,4937.0,14985.0,8186.0
0.5,23084.0,1.5,3.25,28108.0,10048.0,4937.0,14985.0,8186.0
0.5,23774.5,1.5,3.0,28671.0,9793.0,5237.0,15030.0,8404.0
1.0,-inf,,,,,,,
1.0,-inf,,,,,,,
1.0,-inf,,,,,,,
1.0,-inf,,,,,,,
1.0,-inf,,,,,,,
1.0,-inf,,,,,,,
1.0,-inf,,,,,,,
1.0,-inf,,,,,,,
1.0,15567.0,2.25,3.75,25855.0,10288.0,4364.0,14652.0,6839.0
1.0,-inf,,,,,,,
1.0,3562.0,4.5,6.5,13328.0,9766.0,29.0,9795.0,3504.0
1.0,5992.0,2.25,7.5,19099.0,13107.0,-381.0,12726.0,6754.0
1.0,6438.0,1.75,6.0,20061.0,13623.0,-600.0,13023.0,7638.0
1.0,3382.0,5.5,7.0,10697.0,7315.0,149.0,7464.0,3084.0
1.0,15044.0,1.25,3.75,26097.0,11053.0,3449.0,14502.0,8146.0
1.0,7070.0,4.0,4.75,18836.0,11766.0,1500.0,13266.0,4070.0
1.0,6924.0,4.25,5.25,17678.0,10754.0,1530.0,12284.0,3864.0
1.0,3272.0,5.75,8.0,9689.0,6417.0,104.0,6521.0,3064.0
1.0,19720.0,2.0,3.0,28985.0,9265.0,5853.0,15118.0,8014.0
1.0,5686.0,1.5,6.25,19697.0,14011.0,-1066.0,12945.0,7818.0
1.0,-inf,,,,,,,
1.0,-inf,,,,,,,
1.0,3616.0,3.0,7.25,17227.0,13611.0,-243.0,13368.0,4102.0
1.0,13737.0,3.25,3.5,25113.0,11376.0,5349.0,15570.0,4194.0
1.0,3382.0,5.25,7.75,10908.0,7526.0,159.0,7685.0,3064.0
1.0,8511.0,3.5,4.25,21072.0,12561.0,2219.0,14780.0,4073.0
1.0,4004.0,3.25,6.0,17831.0,13827.0,-12.0,13815.0,4028.0
1.0,6658.0,3.0,5.0,19792.0,13134.0,1258.0,14392.0,4142.0
1.0,21716.0,2.0,2.5,30083.0,8367.0,6829.0,15196.0,8058.0
1.0,7788.0,3.25,4.5,20577.0,12789.0,1859.0,14648.0,4070.0
1.0,15973.0,1.75,3.75,26474.0,10501.0,4145.0,14646.0,7683.0
1.0,3616.0,3.0,7.5,17139.0,13523.0,-243.0,13280.0,4102.0
1.0,9440.0,1.75,5.25,22371.0,12931.0,901.0,13832.0,7638.0
1.0,8489.0,4.25,4.25,18549.0,10060.0,2290.0,12350.0,3909.0
1.0,5469.0,1.25,7.75,19209.0,13740.0,-1296.0,12444.0,8061.0
1.0,5469.0,1.25,8.0,19209.0,13740.0,-1296.0,12444.0,8061.0
1.0,5469.0,1.25,7.75,19209.0,13740.0,-1296.0,12444.0,8061.0
1.0,6339.0,1.0,5.5,20958.0,14619.0,-931.0,13688.0,8201.0
1.0,4399.0,1.0,6.0,19179.0,14780.0,-1901.0,12879.0,8201.0
1.0,22617.0,1.25,2.0,31226.0,8609.0,7010.0,15619.0,8597.0
1.0,15044.0,1.25,3.75,26097.0,11053.0,3449.0,14502.0,8146.0
1.0,21507.0,1.0,2.0,30721.0,9214.0,6405.0,15619.0,8697.0
1.0,13934.0,1.0,3.75,25592.0,11658.0,2844.0,14502.0,8246.0
1.0,15567.0,2.25,3.75,25855.0,10288.0,4364.0,14652.0,6839.0
1.0,12584.0,1.0,4.0,24475.0,11891.0,2181.0,14072.0,8222.0
1.0,9034.0,2.25,5.25,21752.0,12718.0,1120.0,13838.0,6794.0
1.0,13694.0,1.25,4.0,24980.0,11286.0,2786.0,14072.0,8122.0
1.0,7972.0,2.25,5.5,21221.0,13249.0,589.0,13838.0,6794.0
1.0,12584.0,1.0,4.0,24475.0,11891.0,2181.0,14072.0,8222.0
1.0,19720.0,2.0,3.0,28985.0,9265.0,5853.0,15118.0,8014.0
1.0,18902.0,2.0,3.25,28422.0,9520.0,5553.0,15073.0,7796.0
1.0,19224.0,2.25,3.0,28416.0,9192.0,5922.0,15114.0,7380.0
1.0,19224.0,2.25,3.0,28416.0,9192.0,5922.0,15114.0,7380.0
1.0,19720.0,2.0,3.0,28985.0,9265.0,5853.0,15118.0,8014.0
1.0,18902.0,2.0,3.25,28422.0,9520.0,5553.0,15073.0,7796.0
1.0,18406.0,2.25,3.25,27853.0,9447.0,5622.0,15069.0,7162.0
1.0,18406.0,2.25,3.25,27853.0,9447.0,5622.0,15069.0,7162.0
1.0,18184.0,2.5,3.25,27857.0,9673.0,5661.0,15334.0,6862.0
1.0,18406.0,2.25,3.25,27853.0,9447.0,5622.0,15069.0,7162.0
1.0,18406.0,2.25,3.25,27853.0,9447.0,5622.0,15069.0,7162.0
1.0,18406.0,2.25,3.25,27853.0,9447.0,5622.0,15069.0,7162.0
1.0,19224.0,2.25,3.0,28416.0,9192.0,5922.0,15114.0,7380.0
1.0,19224.0,2.25,3.0,28416.0,9192.0,5922.0,15114.0,7380.0
1.0,21220.0,2.25,2.5,29514.0,8294.0,6898.0,15192.0,7424.0
1.0,21220.0,2.25,2.5,29514.0,8294.0,6898.0,15192.0,7424.0
1.0,21716.0,2.0,2.5,30083.0,8367.0,6829.0,15196.0,8058.0
1.0,22668.0,1.75,2.25,30810.0,8142.0,7221.0,15363.0,8226.0
1.0,22668.0,1.75,2.25,30810.0,8142.0,7221.0,15363.0,8226.0
1.0,22668.0,1.75,2.25,30810.0,8142.0,7221.0,15363.0,8226.0
1.0,22668.0,1.75,2.25,30810.0,8142.0,7221.0,15363.0,8226.0
1.0,20874.0,1.5,2.5,29769.0,8895.0,6213.0,15108.0,8448.0
1.0,21626.0,1.75,2.5,30133.0,8507.0,6679.0,15186.0,8268.0
1.0,18812.0,1.75,3.25,28472.0,9660.0,5403.0,15063.0,8006.0
1.0,20874.0,1.5,2.5,29769.0,8895.0,6213.0,15108.0,8448.0
1.0,22668.0,1.75,2.25,30810.0,8142.0,7221.0,15363.0,8226.0
1.0,21626.0,1.75,2.5,30133.0,8507.0,6679.0,15186.0,8268.0
1.0,20874.0,1.5,2.5,29769.0,8895.0,6213.0,15108.0,8448.0
1.0,21916.0,1.5,2.25,30519.0,8603.0,6755.0,15358.0,8406.0
1.0,20874.0,1.5,2.5,29769.0,8895.0,6213.0,15108.0,8448.0
1.0,20874.0,1.5,2.5,29769.0,8895.0,6213.0,15108.0,8448.0
2.0,-inf,,,,,,,
2.0,-inf,,,,,,,
2.0,-inf,,,,,,,
2.0,-inf,,,,,,,
2.0,-inf,,,,,,,
2.0,-inf,,,,,,,
2.0,-inf,,,,,,,
2.0,-inf,,,,,,,
2.0,-inf,,,,,,,
2.0,-inf,,,,,,,
2.0,-inf,,,,,,,
2.0,-inf,,,,,,,
2.0,10225.0,1.75,3.0,29035.0,9405.0,5703.0,15108.0,8224.0
2.0,1144.0,3.75,4.0,23054.0,10955.0,4025.0,14980.0,4049.0
2.0,-8150.0,1.5,7.25,19442.0,13796.0,-1066.0,12730.0,7778.0
2.0,-3491.0,1.75,5.25,22371.0,12931.0,901.0,13832.0,7638.0
2.0,6169.0,1.5,3.5,26979.0,10405.0,4295.0,14700.0,7984.0
2.0,-3518.0,5.5,7.75,10242.0,6880.0,149.0,7029.0,3064.0
2.0,-7826.0,2.5,6.0,19446.0,13636.0,-342.0,13294.0,6494.0
2.0,-6236.0,3.75,5.25,20068.0,13152.0,1444.0,14596.0,4028.0
2.0,-9843.0,3.25,7.0,17811.0,13827.0,-12.0,13815.0,4008.0
2.0,-6428.0,3.0,4.75,19828.0,13128.0,1258.0,14386.0,4184.0
2.0,-6975.0,2.0,6.75,19991.0,13483.0,-450.0,13033.0,7408.0
2.0,-8150.0,1.5,7.25,19442.0,13796.0,-1066.0,12730.0,7778.0
2.0,-6975.0,2.0,7.0,19991.0,13483.0,-450.0,13033.0,7408.0
2.0,-3145.0,5.75,8.0,9689.0,6417.0,104.0,6521.0,3064.0
2.0,-8345.0,1.5,6.5,19677.0,14011.0,-1066.0,12945.0,7798.0
2.0,-7205.0,1.75,6.75,20041.0,13623.0,-600.0,13023.0,7618.0
2.0,-8458.0,4.0,6.5,16470.0,12464.0,-1.0,12463.0,4008.0
2.0,-8686.0,1.25,6.5,19664.0,14175.0,-1296.0,12879.0,8081.0
2.0,-10401.0,1.0,6.5,19159.0,14780.0,-1901.0,12879.0,8181.0
2.0,-inf,,,,,,,
2.0,-inf,,,,,,,
2.0,-8345.0,1.5,6.5,19677.0,14011.0,-1066.0,12945.0,7798.0
2.0,-8686.0,1.25,6.5,19664.0,14175.0,-1296.0,12879.0,8081.0
2.0,-8686.0,1.25,6.75,19664.0,14175.0,-1296.0,12879.0,8081.0
2.0,-8686.0,1.25,6.5,19664.0,14175.0,-1296.0,12879.0,8081.0
2.0,-inf,,,,,,,
2.0,-8345.0,1.5,6.5,19677.0,14011.0,-1066.0,12945.0,7798.0
2.0,2408.0,1.25,4.0,24980.0,11286.0,2786.0,14072.0,8122.0
2.0,5279.0,2.25,3.75,25855.0,10288.0,4364.0,14652.0,6839.0
2.0,4113.0,1.0,3.5,26461.0,11174.0,3460.0,14634.0,8367.0
2.0,4113.0,1.0,3.5,26461.0,11174.0,3460.0,14634.0,8367.0
2.0,2276.0,1.0,3.75,25592.0,11658.0,2844.0,14502.0,8246.0
2.0,4113.0,1.0,3.5,26461.0,11174.0,3460.0,14634.0,8367.0
2.0,693.0,1.0,4.0,24475.0,11891.0,2181.0,14072.0,8222.0
2.0,5956.0,1.0,3.25,27590.0,10817.0,4102.0,14919.0,8569.0
2.0,2276.0,1.0,3.75,25592.0,11658.0,2844.0,14502.0,8246.0
2.0,693.0,1.0,4.0,24475.0,11891.0,2181.0,14072.0,8222.0
2.0,693.0,1.0,4.0,24475.0,11891.0,2181.0,14072.0,8222.0
2.0,693.0,1.0,4.0,24475.0,11891.0,2181.0,14072.0,8222.0
2.0,693.0,1.0,4.0,24475.0,11891.0,2181.0,14072.0,8222.0
2.0,3248.0,2.5,4.0,24742.0,10747.0,3740.0,14487.0,6515.0
2.0,4831.0,2.5,3.75,25859.0,10514.0,4403.0,14917.0,6539.0
2.0,4831.0,2.5,3.75,25859.0,10514.0,4403.0,14917.0,6539.0
2.0,7116.0,2.25,3.5,26724.0,9804.0,4980.0,14784.0,6960.0
2.0,6668.0,2.5,3.5,26728.0,10030.0,5019.0,15049.0,6660.0
2.0,6668.0,2.5,3.5,26728.0,10030.0,5019.0,15049.0,6660.0
2.0,-inf,,,,,,,
2.0,6668.0,2.5,3.5,26728.0,10030.0,5019.0,15049.0,6660.0
2.0,6668.0,2.5,3.5,26728.0,10030.0,5019.0,15049.0,6660.0
2.0,11562.0,2.5,2.75,29006.0,8722.0,6591.0,15313.0,7102.0
2.0,5297.0,2.75,3.5,25687.0,10195.0,5099.0,15294.0,5294.0
2.0,6668.0,2.5,3.5,26728.0,10030.0,5019.0,15049.0,6660.0
2.0,6668.0,2.5,3.5,26728.0,10030.0,5019.0,15049.0,6660.0
2.0,11562.0,2.5,2.75,29006.0,8722.0,6591.0,15313.0,7102.0
2.0,12010.0,2.25,2.75,29002.0,8496.0,6552.0,15048.0,7402.0
2.0,9584.0,2.5,3.0,28420.0,9418.0,5961.0,15379.0,7080.0
2.0,-2556.0,2.25,4.5,22188.0,12372.0,1490.0,13862.0,6836.0
2.0,12010.0,2.25,2.75,29002.0,8496.0,6552.0,15048.0,7402.0
2.0,12010.0,2.25,2.75,29002.0,8496.0,6552.0,15048.0,7402.0
2.0,11562.0,2.5,2.75,29006.0,8722.0,6591.0,15313.0,7102.0
2.0,12010.0,2.25,2.75,29002.0,8496.0,6552.0,15048.0,7402.0
2.0,12926.0,2.25,2.5,29514.0,8294.0,6898.0,15192.0,7424.0
2.0,11562.0,2.5,2.75,29006.0,8722.0,6591.0,15313.0,7102.0
2.0,12926.0,2.25,2.5,29514.0,8294.0,6898.0,15192.0,7424.0
2.0,12010.0,2.25,2.75,29002.0,8496.0,6552.0,15048.0,7402.0
2.0,10032.0,2.25,3.0,28416.0,9192.0,5922.0,15114.0,7380.0
2.0,12926.0,2.25,2.5,29514.0,8294.0,6898.0,15192.0,7424.0
2.0,-2556.0,2.25,4.5,22188.0,12372.0,1490.0,13862.0,6836.0
3.5,-inf,,,,,,,
3.5,-inf,,,,,,,
3.5,-inf,,,,,,,
3.5,-inf,,,,,,,
3.5,-inf,,,,,,,
3.5,-inf,,,,,,,
3.5,-inf,,,,,,,
3.5,-inf,,,,,,,
3.5,-inf,,,,,,,
3.5,-inf,,,,,,,
3.5,-inf,,,,,,,
3.5,-16480.5,5.25,6.25,11383.0,7961.0,159.0,8120.0,3104.0
3.5,-1363.5,1.5,2.5,29769.0,8895.0,6213.0,15108.0,8448.0
3.5,-2582.5,1.5,2.75,29257.0,9097.0,5867.0,14964.0,8426.0
3.5,-28844.0,1.5,7.25,19442.0,13796.0,-1066.0,12730.0,7778.0
3.5,-28566.5,3.0,5.5,19261.0,13665.0,727.0,14392.0,4142.0
3.5,-29011.0,2.75,5.75,19730.0,13926.0,338.0,14264.0,5128.0
3.5,-29918.5,2.75,6.75,18385.0,13801.0,-262.0,13539.0,5108.0
3.5,-29181.0,2.75,7.5,18062.0,13498.0,-262.0,13236.0,5088.0
3.5,-5338.0,1.75,3.25,28472.0,9660.0,5403.0,15063.0,8006.0
3.5,-29041.0,1.25,5.75,21009.0,14300.0,-696.0,13604.0,8101.0
3.5,-20800.5,2.0,4.5,22757.0,12445.0,1421.0,13866.0,7470.0
3.5,-inf,,,,,,,
3.5,-4880.5,6.5,7.25,6533.0,3261.0,104.0,3365.0,3064.0
3.5,-8948.0,6.25,7.0,8188.0,4896.0,104.0,5000.0,3084.0
3.5,-inf,,,,,,,
3.5,-28881.0,1.25,7.75,19209.0,13740.0,-1296.0,12444.0,8061.0
3.5,-26572.0,1.75,8.0,19586.0,13188.0,-600.0,12588.0,7598.0
3.5,-29861.5,3.0,7.75,17007.0,13391.0,-243.0,13148.0,4102.0
3.5,-26132.0,2.0,7.75,19536.0,13048.0,-450.0,12598.0,7388.0
3.5,-inf,,,,,,,
3.5,-15533.5,3.25,3.75,24244.0,11365.0,4733.0,15438.0,4073.0
3.5,-15516.0,3.5,4.0,23187.0,11058.0,4040.0,15098.0,4049.0
3.5,-15533.5,3.25,3.75,24244.0,11365.0,4733.0,15438.0,4073.0
3.5,-15533.5,3.25,3.75,24244.0,11365.0,4733.0,15438.0,4073.0
3.5,-15533.5,3.25,3.75,24244.0,11365.0,4733.0,15438.0,4073.0
3.5,-15516.0,3.5,4.0,23187.0,11058.0,4040.0,15098.0,4049.0
3.5,-29861.5,3.0,8.0,17007.0,13391.0,-243.0,13148.0,4102.0
3.5,-27232.5,2.5,7.75,18971.0,13201.0,-342.0,12859.0,6454.0
3.5,-1528.0,1.0,2.0,30721.0,9214.0,6405.0,15619.0,8697.0
3.5,1094.5,1.25,2.0,31226.0,8609.0,7010.0,15619.0,8597.0
3.5,1094.5,1.25,2.0,31226.0,8609.0,7010.0,15619.0,8597.0
3.5,1094.5,1.25,2.0,31226.0,8609.0,7010.0,15619.0,8597.0
3.5,1094.5,1.25,2.0,31226.0,8609.0,7010.0,15619.0,8597.0
3.5,-1528.0,1.0,2.0,30721.0,9214.0,6405.0,15619.0,8697.0
3.5,-1528.0,1.0,2.0,30721.0,9214.0,6405.0,15619.0,8697.0
3.5,-9839.5,2.0,3.75,26424.0,10361.0,4295.0,14656.0,7473.0
3.5,-22664.0,3.75,4.25,20939.0,12458.0,2204.0,14662.0,4073.0
3.5,-16661.0,4.25,4.25,18549.0,10060.0,2290.0,12350.0,3909.0
3.5,-22891.5,3.5,4.25,21072.0,12561.0,2219.0,14780.0,4073.0
3.5,-12085.5,2.25,4.0,24738.0,10521.0,3701.0,14222.0,6815.0
3.5,-5211.5,2.25,3.25,27853.0,9447.0,5622.0,15069.0,7162.0
3.5,-10269.5,1.0,3.25,27590.0,10817.0,4102.0,14919.0,8569.0
3.5,-5211.5,2.25,3.25,27853.0,9447.0,5622.0,15069.0,7162.0
3.5,-5998.5,2.5,3.25,27857.0,9673.0,5661.0,15334.0,6862.0
3.5,-5211.5,2.25,3.25,27853.0,9447.0,5622.0,15069.0,7162.0
3.5,-10269.5,1.0,3.25,27590.0,10817.0,4102.0,14919.0,8569.0
3.5,-1521.0,2.5,2.75,29006.0,8722.0,6591.0,15313.0,7102.0
3.5,-10269.5,1.0,3.25,27590.0,10817.0,4102.0,14919.0,8569.0
3.5,-3756.0,2.25,3.0,28416.0,9192.0,5922.0,15114.0,7380.0
3.5,-4543.0,2.5,3.0,28420.0,9418.0,5961.0,15379.0,7080.0
3.5,-10269.5,1.0,3.25,27590.0,10817.0,4102.0,14919.0,8569.0
3.5,-5792.0,1.0,2.75,28739.0,9866.0,5032.0,14898.0,8809.0
3.5,-4573.0,1.0,2.5,29251.0,9664.0,5378.0,15042.0,8831.0
3.5,-1950.5,1.25,2.5,29756.0,9059.0,5983.0,15042.0,8731.0
3.5,-1950.5,1.25,2.5,29756.0,9059.0,5983.0,15042.0,8731.0
3.5,485.0,2.25,2.5,29514.0,8294.0,6898.0,15192.0,7424.0
3.5,485.0,2.25,2.5,29514.0,8294.0,6898.0,15192.0,7424.0
3.5,-302.0,2.5,2.5,29518.0,8520.0,6937.0,15457.0,7124.0
3.5,358.5,1.75,2.5,30133.0,8507.0,6679.0,15186.0,8268.0
3.5,-302.0,2.5,2.5,29518.0,8520.0,6937.0,15457.0,7124.0
3.5,485.0,2.25,2.5,29514.0,8294.0,6898.0,15192.0,7424.0
3.5,-302.0,2.5,2.5,29518.0,8520.0,6937.0,15457.0,7124.0
3.5,-1363.5,1.5,2.5,29769.0,8895.0,6213.0,15108.0,8448.0
3.5,-1363.5,1.5,2.5,29769.0,8895.0,6213.0,15108.0,8448.0
3.5,358.5,1.75,2.5,30133.0,8507.0,6679.0,15186.0,8268.0
3.5,-1363.5,1.5,2.5,29769.0,8895.0,6213.0,15108.0,8448.0
3.5,-1363.5,1.5,2.5,29769.0,8895.0,6213.0,15108.0,8448.0
3.5,-1363.5,1.5,2.5,29769.0,8895.0,6213.0,15108.0,8448.0
3.5,358.5,1.75,2.5,30133.0,8507.0,6679.0,15186.0,8268.0
